{
  "r2": 0.509557126584361,
  "mae": 0.9230182629441044,
  "rmse": 1.159763729458999,
  "mape": 11.22333184172533
}