{
  "r2": 0.5216713838098108,
  "mae": 0.9649354881458195,
  "rmse": 1.2164101088539785,
  "mape": 9.927812620704742
}