{
  "crop": "Maize",
  "train_r2": 0.6007973115665961,
  "test_r2": 0.4121706409603386,
  "cv_r2": 0.396245730940457,
  "cv_train_r2": 0.6205092351107896,
  "cv_gap": 0.22426350417033258,
  "gap": 0.18862667060625748,
  "rmse": 1.3484736839604925,
  "mae": 1.0778612151692872,
  "mape": 10.938563322469644,
  "best_params": {
    "model__min_samples_split": 20,
    "model__min_samples_leaf": 2,
    "model__max_features": null,
    "model__max_depth": 5,
    "model__criterion": "squared_error",
    "model__ccp_alpha": 0.002
  },
  "selected_feature_count": 30,
  "overfit_flag": true
}