{
  "crop": "Wheat",
  "train_r2": 0.5515893701834746,
  "test_r2": 0.449347757773485,
  "cv_r2": 0.34976497552531044,
  "cv_train_r2": 0.5755570699217685,
  "cv_gap": 0.22579209439645803,
  "gap": 0.10224161240998964,
  "rmse": 1.2288928413664963,
  "mae": 0.9868610578705098,
  "mape": 11.898406135848717,
  "best_params": {
    "model__min_samples_split": 20,
    "model__min_samples_leaf": 2,
    "model__max_features": null,
    "model__max_depth": 5,
    "model__criterion": "squared_error",
    "model__ccp_alpha": 0.002
  },
  "selected_feature_count": 30,
  "overfit_flag": true
}