{
  "r2": 0.4876340103111322,
  "mae": 0.9662041474683027,
  "rmse": 1.2154381191001742,
  "mape": 3.9274055225045212
}