{
  "r2": 0.5039643242886256,
  "mae": 0.9753787603534436,
  "rmse": 1.1980336259167998,
  "mape": 15.043313325628738
}