{
  "crop": "Rice",
  "train_r2": 0.6619446758253839,
  "test_r2": 0.3895355630546906,
  "cv_r2": 0.3674672698817706,
  "cv_train_r2": 0.6578023288293527,
  "cv_gap": 0.29033505894758216,
  "gap": 0.27240911277069324,
  "rmse": 1.3076960420656967,
  "mae": 1.0367732645698855,
  "mape": 11.460664085013766,
  "best_params": {
    "model__min_samples_split": 20,
    "model__min_samples_leaf": 15,
    "model__max_features": null,
    "model__max_depth": 12,
    "model__criterion": "friedman_mse",
    "model__ccp_alpha": 0.001
  },
  "selected_feature_count": 30,
  "overfit_flag": true
}