{
  "crop": "Potato",
  "train_r2": 0.557756201181905,
  "test_r2": 0.4244523768812153,
  "cv_r2": 0.3647376857369431,
  "cv_train_r2": 0.5810475452404688,
  "cv_gap": 0.21630985950352566,
  "gap": 0.13330382430068977,
  "rmse": 1.288200128396762,
  "mae": 1.0620579239743542,
  "mape": 4.311289737833808,
  "best_params": {
    "model__min_samples_split": 20,
    "model__min_samples_leaf": 2,
    "model__max_features": null,
    "model__max_depth": 5,
    "model__criterion": "squared_error",
    "model__ccp_alpha": 0.002
  },
  "selected_feature_count": 30,
  "overfit_flag": true
}