{
  "r2": 0.48767492199496953,
  "mae": 0.9583623003383925,
  "rmse": 1.1979796265180394,
  "mape": 10.78545533076439
}