{
  "Cotton": {
    "best_params": {
      "model__min_samples_split": 20,
      "model__min_samples_leaf": 15,
      "model__max_features": null,
      "model__max_depth": 7,
      "model__criterion": "absolute_error",
      "model__ccp_alpha": 0.001
    },
    "cv_r2": 0.4013457642274344,
    "test_r2": 0.36160599581012576,
    "train_r2": 0.6241303894260508,
    "gap": 0.26252439361592506,
    "rmse": 1.3591173331061968,
    "mae": 1.0680988023952096,
    "mape": 15.87554469345699,
    "selected_feature_count": 30
  },
  "Maize": {
    "best_params": {
      "model__min_samples_split": 20,
      "model__min_samples_leaf": 2,
      "model__max_features": null,
      "model__max_depth": 5,
      "model__criterion": "squared_error",
      "model__ccp_alpha": 0.002
    },
    "cv_r2": 0.396245730940457,
    "test_r2": 0.4121706409603386,
    "train_r2": 0.6007973115665961,
    "gap": 0.18862667060625748,
    "rmse": 1.3484736839604925,
    "mae": 1.0778612151692872,
    "mape": 10.938563322469644,
    "selected_feature_count": 30
  },
  "Potato": {
    "best_params": {
      "model__min_samples_split": 20,
      "model__min_samples_leaf": 2,
      "model__max_features": null,
      "model__max_depth": 5,
      "model__criterion": "squared_error",
      "model__ccp_alpha": 0.002
    },
    "cv_r2": 0.3647376857369431,
    "test_r2": 0.4244523768812153,
    "train_r2": 0.557756201181905,
    "gap": 0.13330382430068977,
    "rmse": 1.288200128396762,
    "mae": 1.0620579239743542,
    "mape": 4.311289737833808,
    "selected_feature_count": 30
  },
  "Rice": {
    "best_params": {
      "model__min_samples_split": 20,
      "model__min_samples_leaf": 15,
      "model__max_features": null,
      "model__max_depth": 12,
      "model__criterion": "friedman_mse",
      "model__ccp_alpha": 0.001
    },
    "cv_r2": 0.3674672698817706,
    "test_r2": 0.3895355630546906,
    "train_r2": 0.6619446758253839,
    "gap": 0.27240911277069324,
    "rmse": 1.3076960420656967,
    "mae": 1.0367732645698855,
    "mape": 11.460664085013766,
    "selected_feature_count": 30
  },
  "Sugarcane": {
    "best_params": {
      "model__min_samples_split": 20,
      "model__min_samples_leaf": 15,
      "model__max_features": null,
      "model__max_depth": 7,
      "model__criterion": "absolute_error",
      "model__ccp_alpha": 0.001
    },
    "cv_r2": 0.3527532565597264,
    "test_r2": 0.34411652248468805,
    "train_r2": 0.5848375565846449,
    "gap": 0.24072103409995682,
    "rmse": 1.3648227472820318,
    "mae": 1.0600000000000007,
    "mape": 1.4223450933175117,
    "selected_feature_count": 30
  },
  "Wheat": {
    "best_params": {
      "model__min_samples_split": 20,
      "model__min_samples_leaf": 2,
      "model__max_features": null,
      "model__max_depth": 5,
      "model__criterion": "squared_error",
      "model__ccp_alpha": 0.002
    },
    "cv_r2": 0.34976497552531044,
    "test_r2": 0.449347757773485,
    "train_r2": 0.5515893701834746,
    "gap": 0.10224161240998964,
    "rmse": 1.2288928413664963,
    "mae": 0.9868610578705098,
    "mape": 11.898406135848717,
    "selected_feature_count": 30
  }
}