crop,train_r2,test_r2,cv_r2,cv_train_r2,cv_gap,gap,rmse,mae,mape,best_params,selected_feature_count,overfit_flag
Wheat,0.5515893701834746,0.449347757773485,0.34976497552531044,0.5755570699217685,0.22579209439645803,0.10224161240998964,1.2288928413664963,0.9868610578705098,11.898406135848717,"{'model__min_samples_split': 20, 'model__min_samples_leaf': 2, 'model__max_features': None, 'model__max_depth': 5, 'model__criterion': 'squared_error', 'model__ccp_alpha': 0.002}",30,True
Potato,0.557756201181905,0.4244523768812153,0.3647376857369431,0.5810475452404688,0.21630985950352566,0.13330382430068977,1.288200128396762,1.0620579239743542,4.311289737833808,"{'model__min_samples_split': 20, 'model__min_samples_leaf': 2, 'model__max_features': None, 'model__max_depth': 5, 'model__criterion': 'squared_error', 'model__ccp_alpha': 0.002}",30,True
Maize,0.6007973115665961,0.4121706409603386,0.396245730940457,0.6205092351107896,0.22426350417033258,0.18862667060625748,1.3484736839604925,1.0778612151692872,10.938563322469644,"{'model__min_samples_split': 20, 'model__min_samples_leaf': 2, 'model__max_features': None, 'model__max_depth': 5, 'model__criterion': 'squared_error', 'model__ccp_alpha': 0.002}",30,True
Rice,0.6619446758253839,0.3895355630546906,0.3674672698817706,0.6578023288293527,0.29033505894758216,0.27240911277069324,1.3076960420656967,1.0367732645698855,11.460664085013766,"{'model__min_samples_split': 20, 'model__min_samples_leaf': 15, 'model__max_features': None, 'model__max_depth': 12, 'model__criterion': 'friedman_mse', 'model__ccp_alpha': 0.001}",30,True
Cotton,0.6241303894260508,0.36160599581012576,0.4013457642274344,0.6329053109373209,0.23155954670988654,0.26252439361592506,1.3591173331061968,1.0680988023952096,15.87554469345699,"{'model__min_samples_split': 20, 'model__min_samples_leaf': 15, 'model__max_features': None, 'model__max_depth': 7, 'model__criterion': 'absolute_error', 'model__ccp_alpha': 0.001}",30,True
Sugarcane,0.5848375565846449,0.34411652248468805,0.3527532565597264,0.6039959316042369,0.25124267504451053,0.24072103409995682,1.3648227472820318,1.0600000000000007,1.4223450933175117,"{'model__min_samples_split': 20, 'model__min_samples_leaf': 15, 'model__max_features': None, 'model__max_depth': 7, 'model__criterion': 'absolute_error', 'model__ccp_alpha': 0.001}",30,True
