{
  "crop": "Cotton",
  "train_r2": 0.6241303894260508,
  "test_r2": 0.36160599581012576,
  "cv_r2": 0.4013457642274344,
  "cv_train_r2": 0.6329053109373209,
  "cv_gap": 0.23155954670988654,
  "gap": 0.26252439361592506,
  "rmse": 1.3591173331061968,
  "mae": 1.0680988023952096,
  "mape": 15.87554469345699,
  "best_params": {
    "model__min_samples_split": 20,
    "model__min_samples_leaf": 15,
    "model__max_features": null,
    "model__max_depth": 7,
    "model__criterion": "absolute_error",
    "model__ccp_alpha": 0.001
  },
  "selected_feature_count": 30,
  "overfit_flag": true
}