{
  "r2": 0.4570828154023192,
  "mae": 0.9622190408647242,
  "rmse": 1.2417372260460156,
  "mape": 1.2922801649383435
}